State,Date,Deaths,Cases,DeathsPerMonth,CasesPerMonth
US,1/1/2020,1,8,1,8
US,1/2/2020,2,26,1,18
US,1/3/2020,5345,191361,5343,191335
US,1/4/2020,65925,1071885,60580,880524
US,1/5/2020,107201,1779090,41276,707205
US,1/6/2020,126821,2634322,19620,855232
US,1/7/2020,153299,4531005,26478,1896683
US,1/8/2020,182115,6027268,28816,1496263
US,1/9/2020,205211,7221955,23096,1194687
US,1/10/2020,229438,9135110,24227,1913155
US,1/11/2020,268430,13598940,38992,4463830
US,1/12/2020,349024,20154265,80594,6555325
US,1/1/2021,445218,26292628,96194,6138363
US,1/2/2021,510432,28698177,65214,2405549
US,1/3/2021,547077,30509546,36645,1811369
US,1/4/2021,570782,32395138,23705,1885592
US,1/5/2021,588935,33318025,18153,922887
US,1/6/2021,599398,33717719,10463,399694
US,1/7/2021,608135,35040485,8737,1322766
US,1/8/2021,636103,39316103,27968,4275618
US,1/9/2021,694865,43449052,58762,4132949
US,1/10/2021,742416,45951841,47551,2502789
US,1/11/2021,776764,48495743,34348,2543902
US,1/12/2021,822793,54716766,46029,6221023
US,1/1/2022,885095,74930547,62302,20213781
US,1/2/2022,946398,78864479,61303,3933932
US,1/3/2022,979191,79909892,32793,1045413
US,1/4/2022,991886,81139532,12695,1229640
Alaska,1/1/2020,0,0,0,0
Alaska,1/2/2020,0,0,0,0
Alaska,1/3/2020,3,129,3,129
Alaska,1/4/2020,9,360,6,231
Alaska,1/5/2020,10,484,1,124
Alaska,1/6/2020,14,1142,4,658
Alaska,1/7/2020,23,3716,9,2574
Alaska,1/8/2020,37,6172,14,2456
Alaska,1/9/2020,56,8846,19,2674
Alaska,1/10/2020,82,16365,26,7519
Alaska,1/11/2020,122,32598,40,16233
Alaska,1/12/2020,206,47014,84,14416
Alaska,1/1/2021,262,54350,56,7336
Alaska,1/2/2021,290,58296,28,3946
Alaska,1/3/2021,313,62901,23,4605
Alaska,1/4/2021,347,68148,34,5247
Alaska,1/5/2021,369,70208,22,2060
Alaska,1/6/2021,377,71275,8,1067
Alaska,1/7/2021,389,75486,12,4211
Alaska,1/8/2021,444,88547,55,13061
Alaska,1/9/2021,577,114665,133,26118
Alaska,1/10/2021,725,137887,148,23222
Alaska,1/11/2021,880,150996,155,13109
Alaska,1/12/2021,978,157169,98,6173
Alaska,1/1/2022,1085,216939,107,59770
Alaska,1/2/2022,1163,239494,78,22555
Alaska,1/3/2022,1228,247211,65,7717
Alaska,1/4/2022,1252,253002,24,5791
Alabama,1/1/2020,0,0,0,0
Alabama,1/2/2020,0,0,0,0
Alabama,1/3/2020,23,1063,23,1063
Alabama,1/4/2020,272,7187,249,6124
Alabama,1/5/2020,630,18200,358,11013
Alabama,1/6/2020,950,38477,320,20277
Alabama,1/7/2020,1580,88266,630,49789
Alabama,1/8/2020,2182,126500,602,38234
Alabama,1/9/2020,2540,154772,358,28272
Alabama,1/10/2020,2967,193613,427,38841
Alabama,1/11/2020,3578,249524,611,55911
Alabama,1/12/2020,4827,361226,1249,111702
Alabama,1/1/2021,7688,459639,2861,98413
Alabama,1/2/2021,9929,493252,2241,33613
Alabama,1/3/2021,10554,515388,625,22136
Alabama,1/4/2021,10896,527922,342,12534
Alabama,1/5/2021,11146,543405,250,15483
Alabama,1/6/2021,11352,550983,206,7578
Alabama,1/7/2021,11536,585607,184,34624
Alabama,1/8/2021,12283,699729,747,114122
Alabama,1/9/2021,14299,796475,2016,96746
Alabama,1/10/2021,15573,832047,1274,35572
Alabama,1/11/2021,16119,845761,546,13714
Alabama,1/12/2021,16455,896614,336,50853
Alabama,1/1/2022,17086,1218257,631,321643
Alabama,1/2/2022,18225,1279565,1139,61308
Alabama,1/3/2022,19290,1295327,1065,15762
Alabama,1/4/2022,19567,1300733,277,5406
Arkansas,1/1/2020,0,0,0,0
Arkansas,1/2/2020,0,0,0,0
Arkansas,1/3/2020,8,523,8,523
Arkansas,1/4/2020,61,3281,53,2758
Arkansas,1/5/2020,133,7253,72,3972
Arkansas,1/6/2020,270,20777,137,13524
Arkansas,1/7/2020,453,42511,183,21734
Arkansas,1/8/2020,797,61224,344,18713
Arkansas,1/9/2020,1369,83697,572,22473
Arkansas,1/10/2020,1925,112190,556,28493
Arkansas,1/11/2020,2502,157359,577,45169
Arkansas,1/12/2020,3676,225138,1174,67779
Arkansas,1/1/2021,4868,295268,1192,70130
Arkansas,1/2/2021,5243,322415,375,27147
Arkansas,1/3/2021,5626,330398,383,7983
Arkansas,1/4/2021,5739,335725,113,5327
Arkansas,1/5/2021,5833,341381,94,5656
Arkansas,1/6/2021,5909,349385,76,8004
Arkansas,1/7/2021,6141,386452,232,37067
Arkansas,1/8/2021,6934,452891,793,66439
Arkansas,1/9/2021,7691,496077,757,43186
Arkansas,1/10/2021,8376,513215,685,17138
Arkansas,1/11/2021,8667,528838,291,15623
Arkansas,1/12/2021,9148,566486,481,37648
Arkansas,1/1/2022,9628,776759,480,210273
Arkansas,1/2/2022,10524,819984,896,43225
Arkansas,1/3/2022,11230,832922,706,12938
Arkansas,1/4/2022,11389,835857,159,2935
Arizona,1/1/2020,0,1,0,1
Arizona,1/2/2020,0,1,0,0
Arizona,1/3/2020,25,1289,25,1288
Arizona,1/4/2020,320,7655,295,6366
Arizona,1/5/2020,907,19936,587,12281
Arizona,1/6/2020,1645,79228,738,59292
Arizona,1/7/2020,3694,174010,2049,94782
Arizona,1/8/2020,5029,201835,1335,27825
Arizona,1/9/2020,5650,218507,621,16672
Arizona,1/10/2020,5979,245946,329,27439
Arizona,1/11/2020,6639,326817,660,80871
Arizona,1/12/2020,8864,520207,2225,193390
Arizona,1/1/2021,13120,758404,4256,238197
Arizona,1/2/2021,15980,816782,2860,58378
Arizona,1/3/2021,16967,841811,987,25029
Arizona,1/4/2021,17324,862497,357,20686
Arizona,1/5/2021,17628,881450,304,18953
Arizona,1/6/2021,17936,894875,308,13425
Arizona,1/7/2021,18246,927235,310,32360
Arizona,1/8/2021,18786,1011923,540,84688
Arizona,1/9/2021,19984,1093583,1198,81660
Arizona,1/10/2021,21154,1168900,1170,75317
Arizona,1/11/2021,22307,1269780,1153,100880
Arizona,1/12/2021,24229,1381488,1922,111708
Arizona,1/1/2022,26205,1870644,1976,489156
Arizona,1/2/2022,27946,1976890,1741,106246
Arizona,1/3/2022,29268,2007180,1322,30290
Arizona,1/4/2022,29951,2021524,683,14344
California,1/1/2020,0,3,0,3
California,1/2/2020,0,13,0,10
California,1/3/2020,170,8011,170,7998
California,1/4/2020,2001,50715,1831,42704
California,1/5/2020,4113,113870,2112,63155
California,1/6/2020,5988,240811,1875,126941
California,1/7/2020,9122,506938,3134,266127
California,1/8/2020,12856,713651,3734,206713
California,1/9/2020,15774,821491,2918,107840
California,1/10/2020,17631,940300,1857,118809
California,1/11/2020,19233,1259298,1602,318998
California,1/12/2020,25848,2385346,6615,1126048
California,1/1/2021,40371,3384794,14523,999448
California,1/2/2021,52154,3627787,11783,242993
California,1/3/2021,58370,3728478,6216,100691
California,1/4/2021,60876,3805309,2506,76831
California,1/5/2021,62132,3854806,1256,49497
California,1/6/2021,63137,3884312,1005,29506
California,1/7/2021,63984,4032171,847,147859
California,1/8/2021,65502,4469226,1518,437055
California,1/9/2021,68927,4743464,3425,274238
California,1/10/2021,71900,4924649,2973,181185
California,1/11/2021,74439,5083021,2539,158372
California,1/12/2021,76478,5519640,2039,436619
California,1/1/2022,80023,8442893,3545,2923253
California,1/2/2022,85418,8984886,5395,541993
California,1/3/2022,88844,9109128,3426,124242
California,1/4/2022,90213,9236212,1369,127084
Colorado,1/1/2020,0,0,0,0
Colorado,1/2/2020,0,0,0,0
Colorado,1/3/2020,69,2966,69,2966
Colorado,1/4/2020,777,15284,708,12318
Colorado,1/5/2020,1445,26378,668,11094
Colorado,1/6/2020,1690,32715,245,6337
Colorado,1/7/2020,1838,46809,148,14094
Colorado,1/8/2020,1945,57424,107,10615
Colorado,1/9/2020,2051,70536,106,13112
Colorado,1/10/2020,2285,107350,234,36814
Colorado,1/11/2020,3037,232905,752,125555
Colorado,1/12/2020,4814,334097,1777,101192
Colorado,1/1/2021,5640,396185,826,62088
Colorado,1/2/2021,5951,428303,311,32118
Colorado,1/3/2021,6107,462081,156,33778
Colorado,1/4/2021,6295,510966,188,48885
Colorado,1/5/2021,6580,543174,285,32208
Colorado,1/6/2021,6794,557791,214,14617
Colorado,1/7/2021,6945,575082,151,17291
Colorado,1/8/2021,7142,615878,197,40796
Colorado,1/9/2021,7543,671363,401,55485
Colorado,1/10/2021,8186,740461,643,69098
Colorado,1/11/2021,9193,829437,1007,88976
Colorado,1/12/2021,10271,929275,1078,99838
Colorado,1/1/2022,11115,1253042,844,323767
Colorado,1/2/2022,11772,1313779,657,60737
Colorado,1/3/2022,11974,1346626,202,32847
Colorado,1/4/2022,12150,1383024,176,36398
Connecticut,1/1/2020,0,0,0,0
Connecticut,1/2/2020,0,0,0,0
Connecticut,1/3/2020,69,3128,69,3128
Connecticut,1/4/2020,2257,27700,2188,24572
Connecticut,1/5/2020,3944,42201,1687,14501
Connecticut,1/6/2020,4322,46514,378,4313
Connecticut,1/7/2020,4432,49810,110,3296
Connecticut,1/8/2020,4465,52879,33,3069
Connecticut,1/9/2020,4508,57550,43,4671
Connecticut,1/10/2020,4616,71207,108,13657
Connecticut,1/11/2020,5020,117295,404,46088
Connecticut,1/12/2020,5995,185708,975,68413
Connecticut,1/1/2021,7046,250023,1051,64315
Connecticut,1/2/2021,7622,279946,576,29923
Connecticut,1/3/2021,7889,310624,267,30678
Connecticut,1/4/2021,8097,339233,208,28609
Connecticut,1/5/2021,8238,347341,141,8108
Connecticut,1/6/2021,8278,349352,40,2011
Connecticut,1/7/2021,8293,354335,15,4983
Connecticut,1/8/2021,8358,373072,65,18737
Connecticut,1/9/2021,8629,390345,271,17273
Connecticut,1/10/2021,8764,402583,135,12238
Connecticut,1/11/2021,8905,421692,141,19109
Connecticut,1/12/2021,9160,510188,255,88496
Connecticut,1/1/2022,10010,699400,850,189212
Connecticut,1/2/2022,10470,723389,460,23989
Connecticut,1/3/2022,10779,736033,309,12644
Connecticut,1/4/2022,10850,758281,71,22248
Delaware,1/1/2020,0,0,0,0
Delaware,1/2/2020,0,0,0,0
Delaware,1/3/2020,3,319,3,319
Delaware,1/4/2020,212,4734,209,4415
Delaware,1/5/2020,497,9498,285,4764
Delaware,1/6/2020,566,11474,69,1976
Delaware,1/7/2020,598,14788,32,3314
Delaware,1/8/2020,617,17429,19,2641
Delaware,1/9/2020,652,20613,35,3184
Delaware,1/10/2020,735,24951,83,4338
Delaware,1/11/2020,820,35654,85,10703
Delaware,1/12/2020,1061,57456,241,21802
Delaware,1/1/2021,1305,78071,244,20615
Delaware,1/2/2021,1422,86799,117,8728
Delaware,1/3/2021,1559,94802,137,8003
Delaware,1/4/2021,1625,104405,66,9603
Delaware,1/5/2021,1661,108866,36,4461
Delaware,1/6/2021,1694,109744,33,878
Delaware,1/7/2021,1833,111407,139,1663
Delaware,1/8/2021,1880,119852,47,8445
Delaware,1/9/2021,1954,132963,74,13111
Delaware,1/10/2021,2091,144198,137,11235
Delaware,1/11/2021,2178,153190,87,8992
Delaware,1/12/2021,2286,180366,108,27176
Delaware,1/1/2022,2531,248111,245,67745
Delaware,1/2/2022,2709,256621,178,8510
Delaware,1/3/2022,2846,259647,137,3026
Delaware,1/4/2022,2907,262461,61,2814
Florida,1/1/2020,0,0,0,0
Florida,1/2/2020,0,0,0,0
Florida,1/3/2020,85,6741,85,6741
Florida,1/4/2020,1268,33690,1183,26949
Florida,1/5/2020,2451,56163,1183,22473
Florida,1/6/2020,3505,152434,1054,96271
Florida,1/7/2020,6843,470386,3338,317952
Florida,1/8/2020,11187,623471,4344,153085
Florida,1/9/2020,14317,706516,3130,83045
Florida,1/10/2020,16761,802547,2444,96031
Florida,1/11/2020,18597,999319,1836,196772
Florida,1/12/2020,21673,1323315,3076,323996
Florida,1/1/2021,26479,1721377,4806,398062
Florida,1/2/2021,30852,1909221,4373,187844
Florida,1/3/2021,33425,2057735,2573,148514
Florida,1/4/2021,35161,2233518,1736,175783
Florida,1/5/2021,36774,2320818,1613,87300
Florida,1/6/2021,37772,2365464,998,44646
Florida,1/7/2021,39079,2634234,1307,268770
Florida,1/8/2021,44561,3250454,5482,616220
Florida,1/9/2021,55009,3582807,10448,332353
Florida,1/10/2021,59670,3690812,4661,108005
Florida,1/11/2021,61548,3730395,1878,39583
Florida,1/12/2021,62504,4209927,956,479532
Florida,1/1/2022,65265,5535803,2761,1325876
Florida,1/2/2022,70084,5844096,4819,308293
Florida,1/3/2022,73138,5885004,3054,40908
Florida,1/4/2022,73948,5942723,810,57719
Georgia,1/1/2020,0,0,0,0
Georgia,1/2/2020,0,0,0,0
Georgia,1/3/2020,111,3929,111,3929
Georgia,1/4/2020,1132,26264,1021,22335
Georgia,1/5/2020,2053,47063,921,20799
Georgia,1/6/2020,2805,81291,752,34228
Georgia,1/7/2020,3752,186352,947,105061
Georgia,1/8/2020,5633,270471,1881,84119
Georgia,1/9/2020,7021,318026,1388,47555
Georgia,1/10/2020,7979,360790,958,42764
Georgia,1/11/2020,9452,471563,1473,110773
Georgia,1/12/2020,10934,666452,1482,194889
Georgia,1/1/2021,14198,909445,3264,242993
Georgia,1/2/2021,17295,1006521,3097,97076
Georgia,1/3/2021,19055,1059548,1760,53027
Georgia,1/4/2021,20190,1100187,1135,40639
Georgia,1/5/2021,20837,1123841,647,23654
Georgia,1/6/2021,21423,1134573,586,10732
Georgia,1/7/2021,21676,1179449,253,44876
Georgia,1/8/2021,22740,1403582,1064,224133
Georgia,1/9/2021,26084,1578716,3344,175134
Georgia,1/10/2021,29065,1634093,2981,55377
Georgia,1/11/2021,30510,1664456,1445,30363
Georgia,1/12/2021,31443,1839879,933,175423
Georgia,1/1/2022,32976,2368052,1533,528173
Georgia,1/2/2022,35415,2465056,2439,97004
Georgia,1/3/2022,36987,2499431,1572,34375
Georgia,1/4/2022,37806,2515139,819,15708
Hawaii,1/1/2020,0,0,0,0
Hawaii,1/2/2020,0,0,0,0
Hawaii,1/3/2020,0,204,0,204
Hawaii,1/4/2020,16,618,16,414
Hawaii,1/5/2020,17,652,1,34
Hawaii,1/6/2020,18,917,1,265
Hawaii,1/7/2020,26,2111,8,1194
Hawaii,1/8/2020,70,8472,44,6361
Hawaii,1/9/2020,136,12597,66,4125
Hawaii,1/10/2020,219,15284,83,2687
Hawaii,1/11/2020,244,18223,25,2939
Hawaii,1/12/2020,288,22007,44,3784
Hawaii,1/1/2021,410,26596,122,4589
Hawaii,1/2/2021,439,28380,29,1784
Hawaii,1/3/2021,463,30754,24,2374
Hawaii,1/4/2021,483,33851,20,3097
Hawaii,1/5/2021,500,36276,17,2425
Hawaii,1/6/2021,517,37758,17,1482
Hawaii,1/7/2021,537,42410,20,4652
Hawaii,1/8/2021,589,63502,52,21092
Hawaii,1/9/2021,782,79206,193,15704
Hawaii,1/10/2021,916,84295,134,5089
Hawaii,1/11/2021,1018,87664,102,3369
Hawaii,1/12/2021,1090,112932,72,25268
Hawaii,1/1/2022,1181,219288,91,106356
Hawaii,1/2/2022,1334,236151,153,16863
Hawaii,1/3/2022,1379,240778,45,4627
Hawaii,1/4/2022,1418,248405,39,7627
Iowa,1/1/2020,0,0,0,0
Iowa,1/2/2020,0,0,0,0
Iowa,1/3/2020,7,497,7,497
Iowa,1/4/2020,162,7145,155,6648
Iowa,1/5/2020,535,19552,373,12407
Iowa,1/6/2020,716,29074,181,9522
Iowa,1/7/2020,872,44753,156,15679
Iowa,1/8/2020,1120,65139,248,20386
Iowa,1/9/2020,1358,89247,238,24108
Iowa,1/10/2020,1716,128510,358,39263
Iowa,1/11/2020,2426,230631,710,102121
Iowa,1/12/2020,3891,281712,1465,51081
Iowa,1/1/2021,4901,319408,1010,37696
Iowa,1/2/2021,5471,336465,570,17057
Iowa,1/3/2021,5743,351402,272,14937
Iowa,1/4/2021,5950,364844,207,13442
Iowa,1/5/2021,6055,371424,105,6580
Iowa,1/6/2021,6138,373861,83,2437
Iowa,1/7/2021,6183,378831,45,4970
Iowa,1/8/2021,6268,404747,85,25916
Iowa,1/9/2021,6563,452057,295,47310
Iowa,1/10/2021,6965,486132,402,34075
Iowa,1/11/2021,7354,525458,389,39326
Iowa,1/12/2021,7858,575501,504,50043
Iowa,1/1/2022,8501,712288,643,136787
Iowa,1/2/2022,9085,748849,584,36561
Iowa,1/3/2022,9445,758463,360,9614
Iowa,1/4/2022,9529,763782,84,5319
Idaho,1/1/2020,0,0,0,0
Idaho,1/2/2020,0,0,0,0
Idaho,1/3/2020,8,515,8,515
Idaho,1/4/2020,60,1984,52,1469
Idaho,1/5/2020,82,2839,22,855
Idaho,1/6/2020,92,6117,10,3278
Idaho,1/7/2020,188,20716,96,14599
Idaho,1/8/2020,361,32081,173,11365
Idaho,1/9/2020,469,42048,108,9967
Idaho,1/10/2020,629,64608,160,22560
Idaho,1/11/2020,929,101698,300,37090
Idaho,1/12/2020,1436,141077,507,39379
Idaho,1/1/2021,1725,162683,289,21606
Idaho,1/2/2021,1860,171140,135,8457
Idaho,1/3/2021,1962,180536,102,9396
Idaho,1/4/2021,2046,187656,84,7120
Idaho,1/5/2021,2090,192012,44,4356
Idaho,1/6/2021,2152,194998,62,2986
Idaho,1/7/2021,2197,200484,45,5486
Idaho,1/8/2021,2363,221389,166,20905
Idaho,1/9/2021,2907,257322,544,35933
Idaho,1/10/2021,3538,291316,631,33994
Idaho,1/11/2021,3929,306845,391,15529
Idaho,1/12/2021,4162,319382,233,12537
Idaho,1/1/2022,4421,380302,259,60920
Idaho,1/2/2022,4751,426164,330,45862
Idaho,1/3/2022,4873,443930,122,17766
Idaho,1/4/2022,4927,446040,54,2110
Illinois,1/1/2020,0,2,0,2
Illinois,1/2/2020,0,2,0,0
Illinois,1/3/2020,99,5994,99,5992
Illinois,1/4/2020,2355,52918,2256,46924
Illinois,1/5/2020,5390,120260,3035,67342
Illinois,1/6/2020,6923,143185,1533,22925
Illinois,1/7/2020,7692,180115,769,36930
Illinois,1/8/2020,8235,236724,543,56609
Illinois,1/9/2020,8916,295720,681,58996
Illinois,1/10/2020,10040,416547,1124,120827
Illinois,1/11/2020,12985,726304,2945,309757
Illinois,1/12/2020,17978,963389,4993,237085
Illinois,1/1/2021,21253,1126301,3275,162912
Illinois,1/2/2021,22735,1186696,1482,60395
Illinois,1/3/2021,23579,1244585,844,57889
Illinois,1/4/2021,24291,1335055,712,90470
Illinois,1/5/2021,25223,1382186,932,47131
Illinois,1/6/2021,25660,1391739,437,9553
Illinois,1/7/2021,25873,1419611,213,27872
Illinois,1/8/2021,26386,1522942,513,103331
Illinois,1/9/2021,27409,1627508,1023,104566
Illinois,1/10/2021,28204,1695524,795,68016
Illinois,1/11/2021,28847,1809875,643,114351
Illinois,1/12/2021,30254,2149548,1407,339673
Illinois,1/1/2022,33346,2920971,3092,771423
Illinois,1/2/2022,35196,3031220,1850,110249
Illinois,1/3/2022,35810,3068237,614,37017
Illinois,1/4/2022,36047,3138682,237,70445
Indiana,1/1/2020,0,0,0,0
Indiana,1/2/2020,0,0,0,0
Indiana,1/3/2020,112,2158,112,2158
Indiana,1/4/2020,1161,17835,1049,15677
Indiana,1/5/2020,2113,34574,952,16739
Indiana,1/6/2020,2569,45594,456,11020
Indiana,1/7/2020,2886,66154,317,20560
Indiana,1/8/2020,3263,94196,377,28042
Indiana,1/9/2020,3645,120019,382,25823
Indiana,1/10/2020,4504,179358,859,59339
Indiana,1/11/2020,6432,338977,1928,159619
Indiana,1/12/2020,9390,511485,2958,172508
Indiana,1/1/2021,11296,626682,1906,115197
Indiana,1/2/2021,12573,661673,1277,34991
Indiana,1/3/2021,13039,686497,466,24824
Indiana,1/4/2021,13332,720425,293,33928
Indiana,1/5/2021,13620,743696,288,23271
Indiana,1/6/2021,13850,753927,230,10231
Indiana,1/7/2021,14005,771299,155,17372
Indiana,1/8/2021,14491,858566,486,87267
Indiana,1/9/2021,15658,964447,1167,105881
Indiana,1/10/2021,16683,1024782,1025,60335
Indiana,1/11/2021,17557,1101185,874,76403
Indiana,1/12/2021,19037,1246854,1480,145669
Indiana,1/1/2022,21356,1623439,2319,376585
Indiana,1/2/2022,22843,1681685,1487,58246
Indiana,1/3/2022,23373,1690823,530,9138
Indiana,1/4/2022,23587,1702292,214,11469
Kansas,1/1/2020,0,0,0,0
Kansas,1/2/2020,0,0,0,0
Kansas,1/3/2020,9,434,9,434
Kansas,1/4/2020,134,4413,125,3979
Kansas,1/5/2020,215,9700,81,5287
Kansas,1/6/2020,273,14370,58,4670
Kansas,1/7/2020,358,27362,85,12992
Kansas,1/8/2020,453,42579,95,15217
Kansas,1/9/2020,680,61122,227,18543
Kansas,1/10/2020,1031,86845,351,25723
Kansas,1/11/2020,1563,159697,532,72852
Kansas,1/12/2020,2755,225212,1192,65515
Kansas,1/1/2021,3804,276956,1049,51744
Kansas,1/2/2021,4730,295997,926,19041
Kansas,1/3/2021,4908,303940,178,7943
Kansas,1/4/2021,4983,310600,75,6660
Kansas,1/5/2021,5077,315331,94,4731
Kansas,1/6/2021,5156,319125,79,3794
Kansas,1/7/2021,5261,333850,105,14725
Kansas,1/8/2021,5560,369916,299,36066
Kansas,1/9/2021,6055,409829,495,39913
Kansas,1/10/2021,6417,435512,362,25683
Kansas,1/11/2021,6689,466125,272,30613
Kansas,1/12/2021,7006,520388,317,54263
Kansas,1/1/2022,7533,730853,527,210465
Kansas,1/2/2022,7943,766664,410,35811
Kansas,1/3/2022,8292,770776,349,4112
Kansas,1/4/2022,8635,776481,343,5705
Kentucky,1/1/2020,0,0,0,0
Kentucky,1/2/2020,0,0,0,0
Kentucky,1/3/2020,11,628,11,628
Kentucky,1/4/2020,240,4708,229,4080
Kentucky,1/5/2020,431,9704,191,4996
Kentucky,1/6/2020,565,15624,134,5920
Kentucky,1/7/2020,735,30151,170,14527
Kentucky,1/8/2020,933,48396,198,18245
Kentucky,1/9/2020,1174,68840,241,20444
Kentucky,1/10/2020,1485,107219,311,38379
Kentucky,1/11/2020,1908,179041,423,71822
Kentucky,1/12/2020,2623,265261,715,86220
Kentucky,1/1/2021,3745,362881,1122,97620
Kentucky,1/2/2021,4637,404622,892,41741
Kentucky,1/3/2021,6090,426876,1453,22254
Kentucky,1/4/2021,6501,444127,411,17251
Kentucky,1/5/2021,6806,458575,305,14448
Kentucky,1/6/2021,7220,465167,414,6592
Kentucky,1/7/2021,7340,484160,120,18993
Kentucky,1/8/2021,7764,577051,424,92891
Kentucky,1/9/2021,8770,691344,1006,114293
Kentucky,1/10/2021,9788,744801,1018,53457
Kentucky,1/11/2021,10943,785926,1155,41125
Kentucky,1/12/2021,12118,856145,1175,70219
Kentucky,1/1/2022,12960,1160558,842,304413
Kentucky,1/2/2022,13856,1277352,896,116794
Kentucky,1/3/2022,14895,1312407,1039,35055
Kentucky,1/4/2022,15523,1328111,628,15704
Louisiana,1/1/2020,0,0,0,0
Louisiana,1/2/2020,0,0,0,0
Louisiana,1/3/2020,239,5237,239,5237
Louisiana,1/4/2020,1905,28001,1666,22764
Louisiana,1/5/2020,2791,39916,886,11915
Louisiana,1/6/2020,3221,58095,430,18179
Louisiana,1/7/2020,3949,116280,728,58185
Louisiana,1/8/2020,4950,148894,1001,32614
Louisiana,1/9/2020,5511,167458,561,18564
Louisiana,1/10/2020,5919,186649,408,19191
Louisiana,1/11/2020,6420,232414,501,45765
Louisiana,1/12/2020,7488,315275,1068,82861
Louisiana,1/1/2021,8859,400626,1371,85351
Louisiana,1/2/2021,9608,430100,749,29474
Louisiana,1/3/2021,10141,444933,533,14833
Louisiana,1/4/2021,10382,458581,241,13648
Louisiana,1/5/2021,10576,470685,194,12104
Louisiana,1/6/2021,10738,481467,162,10782
Louisiana,1/7/2021,10999,541679,261,60212
Louisiana,1/8/2021,12359,679796,1360,138117
Louisiana,1/9/2021,13949,740533,1590,60737
Louisiana,1/10/2021,14547,758471,598,17938
Louisiana,1/11/2021,14801,770894,254,12423
Louisiana,1/12/2021,14986,828695,185,57801
Louisiana,1/1/2022,15674,1114109,688,285414
Louisiana,1/2/2022,16606,1162537,932,48428
Louisiana,1/3/2022,17127,1168464,521,5927
Louisiana,1/4/2022,17248,1173297,121,4833
Massachusetts,1/1/2020,0,1,0,1
Massachusetts,1/2/2020,0,2,0,1
Massachusetts,1/3/2020,89,9924,89,9922
Massachusetts,1/4/2020,3562,66867,3473,56943
Massachusetts,1/5/2020,6846,97260,3284,30393
Massachusetts,1/6/2020,8054,104440,1208,7180
Massachusetts,1/7/2020,8609,111836,555,7396
Massachusetts,1/8/2020,8333,121018,-276,9182
Massachusetts,1/9/2020,8448,132116,115,11098
Massachusetts,1/10/2020,8671,158576,223,26460
Massachusetts,1/11/2020,9150,226132,479,67556
Massachusetts,1/12/2020,10522,375178,1372,149046
Massachusetts,1/1/2021,12278,524025,1756,148847
Massachusetts,1/2/2021,13352,581148,1074,57123
Massachusetts,1/3/2021,13813,635580,461,54432
Massachusetts,1/4/2021,14152,688973,339,53393
Massachusetts,1/5/2021,14397,706945,245,17972
Massachusetts,1/6/2021,14505,709966,108,3021
Massachusetts,1/7/2021,14610,719780,105,9814
Massachusetts,1/8/2021,14779,759869,169,40089
Massachusetts,1/9/2021,15141,811951,362,52082
Massachusetts,1/10/2021,15496,851922,355,39971
Massachusetts,1/11/2021,15881,919097,385,67175
Massachusetts,1/12/2021,16706,1140614,825,221517
Massachusetts,1/1/2022,18396,1611594,1690,470980
Massachusetts,1/2/2022,19644,1671292,1248,59698
Massachusetts,1/3/2022,20105,1698761,461,27469
Massachusetts,1/4/2022,20263,1757103,158,58342
Maryland,1/1/2020,0,0,0,0
Maryland,1/2/2020,0,0,0,0
Maryland,1/3/2020,18,1660,18,1660
Maryland,1/4/2020,1140,21742,1122,20082
Maryland,1/5/2020,2532,52778,1392,31036
Maryland,1/6/2020,3190,67559,658,14781
Maryland,1/7/2020,3493,88346,303,20787
Maryland,1/8/2020,3755,108249,262,19903
Maryland,1/9/2020,3949,124725,194,16476
Maryland,1/10/2020,4147,145281,198,20556
Maryland,1/11/2020,4641,198370,494,53089
Maryland,1/12/2020,5895,276662,1254,78292
Maryland,1/1/2021,7127,354473,1232,77811
Maryland,1/2/2021,7869,382099,742,27626
Maryland,1/3/2021,8286,411344,417,29245
Maryland,1/4/2021,8744,447401,458,36057
Maryland,1/5/2021,9614,459894,870,12493
Maryland,1/6/2021,9741,462279,127,2385
Maryland,1/7/2021,9825,468548,84,6269
Maryland,1/8/2021,10014,497002,189,28454
Maryland,1/9/2021,10442,532340,428,35338
Maryland,1/10/2021,10895,561270,453,28930
Maryland,1/11/2021,11206,586143,311,24873
Maryland,1/12/2021,11758,720814,552,134671
Maryland,1/1/2022,13484,977370,1726,256556
Maryland,1/2/2022,14122,1002279,638,24909
Maryland,1/3/2022,14345,1011919,223,9640
Maryland,1/4/2022,14456,1031533,111,19614
Maine,1/1/2020,0,0,0,0
Maine,1/2/2020,0,0,0,0
Maine,1/3/2020,5,303,5,303
Maine,1/4/2020,53,1095,48,792
Maine,1/5/2020,89,2325,36,1230
Maine,1/6/2020,105,3253,16,928
Maine,1/7/2020,123,3912,18,659
Maine,1/8/2020,132,4529,9,617
Maine,1/9/2020,141,5389,9,860
Maine,1/10/2020,147,6662,6,1273
Maine,1/11/2020,194,11757,47,5095
Maine,1/12/2020,347,24201,153,12444
Maine,1/1/2021,590,39324,243,15123
Maine,1/2/2021,703,44635,113,5311
Maine,1/3/2021,743,50504,40,5869
Maine,1/4/2021,784,61213,41,10709
Maine,1/5/2021,825,67787,41,6574
Maine,1/6/2021,858,69034,33,1247
Maine,1/7/2021,900,70463,42,1429
Maine,1/8/2021,932,75856,32,5393
Maine,1/9/2021,1022,89989,90,14133
Maine,1/10/2021,1167,104259,145,14270
Maine,1/11/2021,1324,119662,157,15403
Maine,1/12/2021,1531,146736,207,27074
Maine,1/1/2022,1738,174225,207,27489
Maine,1/2/2022,2064,226150,326,51925
Maine,1/3/2022,2202,235790,138,9640
Maine,1/4/2022,2286,245080,84,9290
Michigan,1/1/2020,0,0,0,0
Michigan,1/2/2020,0,0,0,0
Michigan,1/3/2020,292,7951,292,7951
Michigan,1/4/2020,3991,43478,3699,35527
Michigan,1/5/2020,5731,62711,1740,19233
Michigan,1/6/2020,6193,70728,462,8017
Michigan,1/7/2020,6450,90574,257,19846
Michigan,1/8/2020,6753,113025,303,22451
Michigan,1/9/2020,7083,138014,330,24989
Michigan,1/10/2020,7699,197406,616,59392
Michigan,1/11/2020,9564,388942,1865,191536
Michigan,1/12/2020,13018,528621,3454,139679
Michigan,1/1/2021,15525,610138,2507,81517
Michigan,1/2/2021,16508,645550,983,35412
Michigan,1/3/2021,17119,746351,611,100801
Michigan,1/4/2021,18753,936467,1634,190116
Michigan,1/5/2021,20376,991941,1623,55474
Michigan,1/6/2021,20999,1000019,623,8078
Michigan,1/7/2021,21188,1011106,189,11087
Michigan,1/8/2021,21547,1060343,359,49237
Michigan,1/9/2021,22355,1150064,808,89721
Michigan,1/10/2021,23662,1275103,1307,125039
Michigan,1/11/2021,25399,1475053,1737,199950
Michigan,1/12/2021,29020,1710325,3621,235272
Michigan,1/1/2022,32263,2258465,3243,548140
Michigan,1/2/2022,34505,2360399,2242,101934
Michigan,1/3/2022,35662,2387521,1157,27122
Michigan,1/4/2022,36002,2425946,340,38425
Minnesota,1/1/2020,0,0,0,0
Minnesota,1/2/2020,0,0,0,0
Minnesota,1/3/2020,12,629,12,629
Minnesota,1/4/2020,343,5136,331,4507
Minnesota,1/5/2020,1050,24850,707,19714
Minnesota,1/6/2020,1476,36303,426,11453
Minnesota,1/7/2020,1640,54463,164,18160
Minnesota,1/8/2020,1866,75864,226,21401
Minnesota,1/9/2020,2089,99134,223,23270
Minnesota,1/10/2020,2511,148472,422,49338
Minnesota,1/11/2020,3652,318763,1141,170291
Minnesota,1/12/2020,5382,415302,1730,96539
Minnesota,1/1/2021,6268,461807,886,46505
Minnesota,1/2/2021,6551,484594,283,22787
Minnesota,1/3/2021,6926,519529,375,34935
Minnesota,1/4/2021,7237,575812,311,56283
Minnesota,1/5/2021,7519,601384,282,25572
Minnesota,1/6/2021,7687,605365,168,3981
Minnesota,1/7/2021,7761,612701,74,7336
Minnesota,1/8/2021,7904,649964,143,37263
Minnesota,1/9/2021,8256,711094,352,61130
Minnesota,1/10/2021,8793,787550,537,76456
Minnesota,1/11/2021,9506,912370,713,124820
Minnesota,1/12/2021,10656,1022212,1150,109842
Minnesota,1/1/2022,11561,1321753,905,299541
Minnesota,1/2/2022,12289,1413576,728,91823
Minnesota,1/3/2022,12638,1429550,349,15974
Minnesota,1/4/2022,12778,1452547,140,22997
Missouri,1/1/2020,0,0,0,0
Missouri,1/2/2020,0,0,0,0
Missouri,1/3/2020,19,1674,19,1674
Missouri,1/4/2020,444,8091,425,6417
Missouri,1/5/2020,822,13560,378,5469
Missouri,1/6/2020,1029,22214,207,8654
Missouri,1/7/2020,1278,51580,249,29366
Missouri,1/8/2020,1570,87176,292,35596
Missouri,1/9/2020,2098,130485,528,43309
Missouri,1/10/2020,3055,193152,957,62667
Missouri,1/11/2020,3890,321958,835,128806
Missouri,1/12/2020,5724,440756,1834,118798
Missouri,1/1/2021,7071,532747,1347,91991
Missouri,1/2/2021,8281,562920,1210,30173
Missouri,1/3/2021,8853,581680,572,18760
Missouri,1/4/2021,9138,591637,285,9957
Missouri,1/5/2021,9498,606489,360,14852
Missouri,1/6/2021,9726,625796,228,19307
Missouri,1/7/2021,10099,686547,373,60751
Missouri,1/8/2021,11048,763799,949,77252
Missouri,1/9/2021,11976,825608,928,61809
Missouri,1/10/2021,12554,860293,578,34685
Missouri,1/11/2021,13086,911403,532,51110
Missouri,1/12/2021,16227,1013458,3141,102055
Missouri,1/1/2022,17415,1334549,1188,321091
Missouri,1/2/2022,19065,1401938,1650,67389
Missouri,1/3/2022,20166,1416599,1101,14661
Missouri,1/4/2022,20211,1421350,45,4751
Mississippi,1/1/2020,0,0,0,0
Mississippi,1/2/2020,0,0,0,0
Mississippi,1/3/2020,20,937,20,937
Mississippi,1/4/2020,261,6815,241,5878
Mississippi,1/5/2020,734,15523,473,8708
Mississippi,1/6/2020,1073,27247,339,11724
Mississippi,1/7/2020,1663,58747,590,31500
Mississippi,1/8/2020,2473,82950,810,24203
Mississippi,1/9/2020,2969,98190,496,15240
Mississippi,1/10/2020,3334,120160,365,21970
Mississippi,1/11/2020,3807,153270,473,33110
Mississippi,1/12/2020,4787,215811,980,62541
Mississippi,1/1/2021,6045,275001,1258,59190
Mississippi,1/2/2021,6681,294795,636,19794
Mississippi,1/3/2021,7032,305146,351,10351
Mississippi,1/4/2021,7199,311900,167,6754
Mississippi,1/5/2021,7316,317713,117,5813
Mississippi,1/6/2021,7412,321764,96,4051
Mississippi,1/7/2021,7543,343505,131,21741
Mississippi,1/8/2021,8409,436722,866,93217
Mississippi,1/9/2021,9600,488394,1191,51672
Mississippi,1/10/2021,10075,504318,475,15924
Mississippi,1/11/2021,10285,514171,210,9853
Mississippi,1/12/2021,10450,543737,165,29566
Mississippi,1/1/2022,10935,727418,485,183681
Mississippi,1/2/2022,12039,789940,1104,62522
Mississippi,1/3/2022,12397,794558,358,4618
Mississippi,1/4/2022,12444,797575,47,3017
Montana,1/1/2020,0,0,0,0
Montana,1/2/2020,0,0,0,0
Montana,1/3/2020,5,198,5,198
Montana,1/4/2020,16,453,11,255
Montana,1/5/2020,17,515,1,62
Montana,1/6/2020,22,967,5,452
Montana,1/7/2020,60,3965,38,2998
Montana,1/8/2020,104,7421,44,3456
Montana,1/9/2020,180,13071,76,5650
Montana,1/10/2020,375,32801,195,19730
Montana,1/11/2020,681,62198,306,29397
Montana,1/12/2020,961,81555,280,19357
Montana,1/1/2021,1233,93949,272,12394
Montana,1/2/2021,1357,99954,124,6005
Montana,1/3/2021,1437,104552,80,4598
Montana,1/4/2021,1571,108817,134,4265
Montana,1/5/2021,1613,111829,42,3012
Montana,1/6/2021,1665,113755,52,1926
Montana,1/7/2021,1704,116366,39,2611
Montana,1/8/2021,1800,127227,96,10861
Montana,1/9/2021,2009,151033,209,23806
Montana,1/10/2021,2346,175847,337,24814
Montana,1/11/2021,2671,191012,325,15165
Montana,1/12/2021,2906,197724,235,6712
Montana,1/1/2022,3000,242180,94,44456
Montana,1/2/2022,3187,266579,187,24399
Montana,1/3/2022,3247,272555,60,5976
Montana,1/4/2022,3360,273982,113,1427
North Carolina,1/1/2020,0,0,0,0
North Carolina,1/2/2020,0,0,0,0
North Carolina,1/3/2020,12,1578,12,1578
North Carolina,1/4/2020,406,11120,394,9542
North Carolina,1/5/2020,937,29514,531,18394
North Carolina,1/6/2020,1380,67226,443,37712
North Carolina,1/7/2020,1942,125678,562,58452
North Carolina,1/8/2020,2702,172879,760,47201
North Carolina,1/9/2020,3532,210632,830,37753
North Carolina,1/10/2020,4378,274635,846,64003
North Carolina,1/11/2020,5261,364512,883,89877
North Carolina,1/12/2020,6748,539545,1487,175033
North Carolina,1/1/2021,9335,757526,2587,217981
North Carolina,1/2/2021,11212,858548,1877,101022
North Carolina,1/3/2021,12112,914132,900,55584
North Carolina,1/4/2021,12651,969752,539,55620
North Carolina,1/5/2021,13078,1001154,427,31402
North Carolina,1/6/2021,13437,1013689,359,12535
North Carolina,1/7/2021,13635,1048076,198,34387
North Carolina,1/8/2021,14468,1213654,833,165578
North Carolina,1/9/2021,16524,1395254,2056,181600
North Carolina,1/10/2021,18050,1477514,1526,82260
North Carolina,1/11/2021,18740,1534005,690,56491
North Carolina,1/12/2021,19426,1686667,686,152662
North Carolina,1/1/2022,20757,2421799,1331,735132
North Carolina,1/2/2022,22570,2589517,1813,167718
North Carolina,1/3/2022,23207,2629362,637,39845
North Carolina,1/4/2022,23405,2659255,198,29893
North Dakota,1/1/2020,0,0,0,0
North Dakota,1/2/2020,0,0,0,0
North Dakota,1/3/2020,3,122,3,122
North Dakota,1/4/2020,19,1107,16,985
North Dakota,1/5/2020,61,2626,42,1519
North Dakota,1/6/2020,79,3616,18,990
North Dakota,1/7/2020,103,6587,24,2971
North Dakota,1/8/2020,143,11977,40,5390
North Dakota,1/9/2020,246,22145,103,10168
North Dakota,1/10/2020,524,45255,278,23110
North Dakota,1/11/2020,933,80765,409,35510
North Dakota,1/12/2020,1299,92101,366,11336
North Dakota,1/1/2021,1447,97089,148,4988
North Dakota,1/2/2021,1475,99644,28,2555
North Dakota,1/3/2021,1498,103106,23,3462
North Dakota,1/4/2021,1523,107441,25,4335
North Dakota,1/5/2021,1543,109754,20,2313
North Dakota,1/6/2021,1559,110520,16,766
North Dakota,1/7/2021,1570,111483,11,963
North Dakota,1/8/2021,1592,117742,22,6259
North Dakota,1/9/2021,1645,132574,53,14832
North Dakota,1/10/2021,1798,148328,153,15754
North Dakota,1/11/2021,1930,162775,132,14447
North Dakota,1/12/2021,2057,174415,127,11640
North Dakota,1/1/2022,2140,225808,83,51393
North Dakota,1/2/2022,2239,238150,99,12342
North Dakota,1/3/2022,2232,239840,-7,1690
North Dakota,1/4/2022,2268,241127,36,1287
Nebraska,1/1/2020,0,0,0,0
Nebraska,1/2/2020,0,0,0,0
Nebraska,1/3/2020,3,172,3,172
Nebraska,1/4/2020,70,4281,67,4109
Nebraska,1/5/2020,170,14101,100,9820
Nebraska,1/6/2020,274,19177,104,5076
Nebraska,1/7/2020,332,26211,58,7034
Nebraska,1/8/2020,397,34287,65,8076
Nebraska,1/9/2020,478,45564,81,11277
Nebraska,1/10/2020,652,70732,174,25168
Nebraska,1/11/2020,1018,128407,366,57675
Nebraska,1/12/2020,1651,166798,633,38391
Nebraska,1/1/2021,1920,190713,269,23915
Nebraska,1/2/2021,2082,200882,162,10169
Nebraska,1/3/2021,2180,209346,98,8464
Nebraska,1/4/2021,2244,219826,64,10480
Nebraska,1/5/2021,2249,223368,5,3542
Nebraska,1/6/2021,2261,224488,12,1120
Nebraska,1/7/2021,2280,228450,19,3962
Nebraska,1/8/2021,2322,244254,42,15804
Nebraska,1/9/2021,2832,266449,510,22195
Nebraska,1/10/2021,2975,284766,143,18317
Nebraska,1/11/2021,3155,309828,180,25062
Nebraska,1/12/2021,3338,338257,183,28429
Nebraska,1/1/2022,3666,439326,328,101069
Nebraska,1/2/2022,3956,475528,290,36202
Nebraska,1/3/2022,4144,477830,188,2302
Nebraska,1/4/2022,4197,479989,53,2159
New Hampshire,1/1/2020,0,0,0,0
New Hampshire,1/2/2020,0,0,0,0
New Hampshire,1/3/2020,3,357,3,357
New Hampshire,1/4/2020,72,2146,69,1789
New Hampshire,1/5/2020,245,4651,173,2505
New Hampshire,1/6/2020,371,5782,126,1131
New Hampshire,1/7/2020,415,6583,44,801
New Hampshire,1/8/2020,432,7275,17,692
New Hampshire,1/9/2020,439,8266,7,991
New Hampshire,1/10/2020,483,11084,44,2818
New Hampshire,1/11/2020,526,21033,43,9949
New Hampshire,1/12/2020,759,44882,233,23849
New Hampshire,1/1/2021,1057,65949,298,21067
New Hampshire,1/2/2021,1170,75424,113,9475
New Hampshire,1/3/2021,1238,84176,68,8752
New Hampshire,1/4/2021,1303,94886,65,10710
New Hampshire,1/5/2021,1353,98726,50,3840
New Hampshire,1/6/2021,1372,99504,19,778
New Hampshire,1/7/2021,1387,100657,15,1153
New Hampshire,1/8/2021,1417,107689,30,7032
New Hampshire,1/9/2021,1481,120268,64,12579
New Hampshire,1/10/2021,1544,132441,63,12173
New Hampshire,1/11/2021,1716,161244,172,28803
New Hampshire,1/12/2021,1961,198667,245,37423
New Hampshire,1/1/2022,2209,276856,248,78189
New Hampshire,1/2/2022,2377,298362,168,21506
New Hampshire,1/3/2022,2452,302541,75,4179
New Hampshire,1/4/2022,2480,309982,28,7441
New Jersey,1/1/2020,0,0,0,0
New Jersey,1/2/2020,0,0,0,0
New Jersey,1/3/2020,366,18696,366,18696
New Jersey,1/4/2020,8737,118652,8371,99956
New Jersey,1/5/2020,13518,160760,4781,42108
New Jersey,1/6/2020,15035,172633,1517,11873
New Jersey,1/7/2020,15819,183953,784,11320
New Jersey,1/8/2020,15945,195500,126,11547
New Jersey,1/9/2020,16122,210661,177,15161
New Jersey,1/10/2020,16350,250090,228,39429
New Jersey,1/11/2020,16993,368086,643,117996
New Jersey,1/12/2020,19042,529027,2049,160941
New Jersey,1/1/2021,21484,696829,2442,167802
New Jersey,1/2/2021,23252,789356,1768,92527
New Jersey,1/3/2021,24561,908816,1309,119460
New Jersey,1/4/2021,25554,997223,993,88407
New Jersey,1/5/2021,26212,1016332,658,19109
New Jersey,1/6/2021,26457,1023395,245,7063
New Jersey,1/7/2021,26602,1039353,145,15958
New Jersey,1/8/2021,26882,1091966,280,52613
New Jersey,1/9/2021,27427,1154570,545,62604
New Jersey,1/10/2021,27972,1198917,545,44347
New Jersey,1/11/2021,28390,1252705,418,53788
New Jersey,1/12/2021,29037,1564253,647,311548
New Jersey,1/1/2022,31442,2111856,2405,547603
New Jersey,1/2/2022,32915,2167515,1473,55659
New Jersey,1/3/2022,33232,2199807,317,32292
New Jersey,1/4/2022,33429,2261694,197,61887
New Mexico,1/1/2020,0,0,0,0
New Mexico,1/2/2020,0,0,0,0
New Mexico,1/3/2020,4,315,4,315
New Mexico,1/4/2020,123,3411,119,3096
New Mexico,1/5/2020,356,7689,233,4278
New Mexico,1/6/2020,497,12147,141,4458
New Mexico,1/7/2020,642,20600,145,8453
New Mexico,1/8/2020,779,25352,137,4752
New Mexico,1/9/2020,877,29435,98,4083
New Mexico,1/10/2020,1018,46490,141,17055
New Mexico,1/11/2020,1568,97095,550,50605
New Mexico,1/12/2020,2477,142864,909,45769
New Mexico,1/1/2021,3283,174064,806,31200
New Mexico,1/2/2021,3716,185132,433,11068
New Mexico,1/3/2021,3937,191652,221,6520
New Mexico,1/4/2021,4067,197733,130,6081
New Mexico,1/5/2021,4263,202821,196,5088
New Mexico,1/6/2021,4340,205542,77,2721
New Mexico,1/7/2021,4410,210416,70,4874
New Mexico,1/8/2021,4518,232614,108,22198
New Mexico,1/9/2021,4801,253024,283,20410
New Mexico,1/10/2021,5049,275209,248,22185
New Mexico,1/11/2021,5367,314264,318,39055
New Mexico,1/12/2021,5855,350043,488,35779
New Mexico,1/1/2022,6454,480087,599,130044
New Mexico,1/2/2022,6919,511434,465,31347
New Mexico,1/3/2022,7274,517858,355,6424
New Mexico,1/4/2022,7499,522329,225,4471
Nevada,1/1/2020,0,0,0,0
Nevada,1/2/2020,0,0,0,0
Nevada,1/3/2020,26,1114,26,1114
Nevada,1/4/2020,243,5053,217,3939
Nevada,1/5/2020,417,8628,174,3575
Nevada,1/6/2020,507,18456,90,9828
Nevada,1/7/2020,830,48088,323,29632
Nevada,1/8/2020,1305,69228,475,21140
Nevada,1/9/2020,1600,79980,295,10752
Nevada,1/10/2020,1777,100761,177,20781
Nevada,1/11/2020,2144,152171,367,51410
Nevada,1/12/2020,3122,224731,978,72560
Nevada,1/1/2021,4270,278308,1148,53577
Nevada,1/2/2021,4957,293754,687,15446
Nevada,1/3/2021,5249,303762,292,10008
Nevada,1/4/2021,5464,315438,215,11676
Nevada,1/5/2021,5586,323748,122,8310
Nevada,1/6/2021,5681,333712,95,9964
Nevada,1/7/2021,5912,356401,231,22689
Nevada,1/8/2021,6510,390600,598,34199
Nevada,1/9/2021,7150,421319,640,30719
Nevada,1/10/2021,7630,438216,480,16897
Nevada,1/11/2021,8016,457643,386,19427
Nevada,1/12/2021,8419,484641,403,26998
Nevada,1/1/2022,8950,656898,531,172257
Nevada,1/2/2022,9703,683766,753,26868
Nevada,1/3/2022,10091,706772,388,23006
Nevada,1/4/2022,10752,712287,661,5515
New York,1/1/2020,0,0,0,0
New York,1/2/2020,0,0,0,0
New York,1/3/2020,2767,75853,2767,75853
New York,1/4/2020,24434,308309,21667,232456
New York,1/5/2020,30563,373682,6129,65373
New York,1/6/2020,31909,395909,1346,22227
New York,1/7/2020,32508,418144,599,22235
New York,1/8/2020,32791,437154,283,19010
New York,1/9/2020,33158,461537,367,24383
New York,1/10/2020,33559,511761,401,50224
New York,1/11/2020,34454,656413,895,144652
New York,1/12/2020,37799,978783,3345,322370
New York,1/1/2021,43450,1419907,5651,441124
New York,1/2/2021,47417,1643867,3967,223960
New York,1/3/2021,50097,1873138,2680,229271
New York,1/4/2021,52055,2048150,1958,175012
New York,1/5/2021,53098,2102404,1043,54254
New York,1/6/2021,53470,2114986,372,12582
New York,1/7/2021,53641,2150390,171,35404
New York,1/8/2021,54254,2278590,613,128200
New York,1/9/2021,55358,2426683,1104,148093
New York,1/10/2021,56439,2559583,1081,132900
New York,1/11/2021,57534,2729595,1095,170012
New York,1/12/2021,59508,3480280,1974,750685
New York,1/1/2022,64846,4805416,5338,1325136
New York,1/2/2022,67358,4925221,2512,119805
New York,1/3/2022,67967,4995734,609,70513
New York,1/4/2022,68344,5168122,377,172388
Ohio,1/1/2020,1,0,1,0
Ohio,1/2/2020,1,0,0,0
Ohio,1/3/2020,91,2199,90,2199
Ohio,1/4/2020,1083,18027,992,15828
Ohio,1/5/2020,2134,35513,1051,17486
Ohio,1/6/2020,2601,51789,467,16276
Ohio,1/7/2020,3209,91159,608,39370
Ohio,1/8/2020,3913,123155,704,31996
Ohio,1/9/2020,4471,153987,558,30832
Ohio,1/10/2020,5325,215697,854,61710
Ohio,1/11/2020,8084,421063,2759,205366
Ohio,1/12/2020,13621,700380,5537,279317
Ohio,1/1/2021,17329,895792,3708,195412
Ohio,1/2/2021,18695,967422,1366,71630
Ohio,1/3/2021,19295,1017566,600,50144
Ohio,1/4/2021,19850,1072312,555,54746
Ohio,1/5/2021,20310,1101934,460,29622
Ohio,1/6/2021,20545,1111324,235,9390
Ohio,1/7/2021,20711,1129277,166,17953
Ohio,1/8/2021,21448,1220900,737,91623
Ohio,1/9/2021,23620,1413972,2172,193072
Ohio,1/10/2021,26099,1545327,2479,131355
Ohio,1/11/2021,28135,1690217,2036,144890
Ohio,1/12/2021,31882,2016082,3747,325865
Ohio,1/1/2022,36241,2580405,4359,564323
Ohio,1/2/2022,37967,2653940,1726,73535
Ohio,1/3/2022,38417,2672801,450,18861
Ohio,1/4/2022,38493,2697058,76,24257
Oklahoma,1/1/2020,0,0,0,0
Oklahoma,1/2/2020,0,0,0,0
Oklahoma,1/3/2020,23,568,23,568
Oklahoma,1/4/2020,222,3618,199,3050
Oklahoma,1/5/2020,334,6418,112,2800
Oklahoma,1/6/2020,387,13757,53,7339
Oklahoma,1/7/2020,541,36487,154,22730
Oklahoma,1/8/2020,800,58733,259,22246
Oklahoma,1/9/2020,1031,87199,231,28466
Oklahoma,1/10/2020,1337,122762,306,35563
Oklahoma,1/11/2020,1743,197745,406,74983
Oklahoma,1/12/2020,2489,291209,746,93464
Oklahoma,1/1/2021,3547,390197,1058,98988
Oklahoma,1/2/2021,4428,425557,881,35360
Oklahoma,1/3/2021,4953,439740,525,14183
Oklahoma,1/4/2021,6788,448305,1835,8565
Oklahoma,1/5/2021,7291,452777,503,4472
Oklahoma,1/6/2021,7388,457851,97,5074
Oklahoma,1/7/2021,7485,480635,97,22784
Oklahoma,1/8/2021,7812,551958,327,71323
Oklahoma,1/9/2021,8949,613765,1137,61807
Oklahoma,1/10/2021,10710,643978,1761,30213
Oklahoma,1/11/2021,11913,666927,1203,22949
Oklahoma,1/12/2021,12419,708938,506,42011
Oklahoma,1/1/2022,13333,976914,914,267976
Oklahoma,1/2/2022,14612,1021595,1279,44681
Oklahoma,1/3/2022,15520,1033258,908,11663
Oklahoma,1/4/2022,15897,1040982,377,7724
Oregon,1/1/2020,0,0,0,0
Oregon,1/2/2020,0,1,0,1
Oregon,1/3/2020,18,690,18,689
Oregon,1/4/2020,103,2510,85,1820
Oregon,1/5/2020,153,4243,50,1733
Oregon,1/6/2020,207,8656,54,4413
Oregon,1/7/2020,322,18492,115,9836
Oregon,1/8/2020,459,26713,137,8221
Oregon,1/9/2020,559,33509,100,6796
Oregon,1/10/2020,689,44921,130,11412
Oregon,1/11/2020,912,75431,223,30510
Oregon,1/12/2020,1477,113909,565,38478
Oregon,1/1/2021,1957,142416,480,28507
Oregon,1/2/2021,2208,155597,251,13181
Oregon,1/3/2021,2383,165012,175,9415
Oregon,1/4/2021,2495,184812,112,19800
Oregon,1/5/2021,2671,201475,176,16663
Oregon,1/6/2021,2774,208640,103,7165
Oregon,1/7/2021,2858,219755,84,11115
Oregon,1/8/2021,3198,276287,340,56532
Oregon,1/9/2021,3791,330054,593,53767
Oregon,1/10/2021,4372,365053,581,34999
Oregon,1/11/2021,5161,391099,789,26046
Oregon,1/12/2021,5655,421263,494,30164
Oregon,1/1/2022,6100,633876,445,212613
Oregon,1/2/2022,6622,693929,522,60053
Oregon,1/3/2022,7144,704152,522,10223
Oregon,1/4/2022,7502,721311,358,17159
Pennsylvania,1/1/2020,0,0,0,0
Pennsylvania,1/2/2020,0,0,0,0
Pennsylvania,1/3/2020,63,4963,63,4963
Pennsylvania,1/4/2020,2529,47953,2466,42990
Pennsylvania,1/5/2020,5573,75663,3044,27710
Pennsylvania,1/6/2020,6662,90473,1089,14810
Pennsylvania,1/7/2020,7209,116152,547,25679
Pennsylvania,1/8/2020,7663,138426,454,22274
Pennsylvania,1/9/2020,8133,163938,470,25512
Pennsylvania,1/10/2020,8798,213451,665,49513
Pennsylvania,1/11/2020,10357,369016,1559,155565
Pennsylvania,1/12/2020,16030,648574,5673,279558
Pennsylvania,1/1/2021,21656,851634,5626,203060
Pennsylvania,1/2/2021,23995,939627,2339,87993
Pennsylvania,1/3/2021,25089,1035020,1094,95393
Pennsylvania,1/4/2021,26209,1162826,1120,127806
Pennsylvania,1/5/2021,27214,1215257,1005,52431
Pennsylvania,1/6/2021,27678,1225900,464,10643
Pennsylvania,1/7/2021,27850,1240105,172,14205
Pennsylvania,1/8/2021,28235,1311415,385,71310
Pennsylvania,1/9/2021,29400,1443637,1165,132222
Pennsylvania,1/10/2021,31452,1580934,2052,137297
Pennsylvania,1/11/2021,33421,1736920,1969,155986
Pennsylvania,1/12/2021,36705,2036424,3284,299504
Pennsylvania,1/1/2022,40581,2661481,3876,625057
Pennsylvania,1/2/2022,43216,2757425,2635,95944
Pennsylvania,1/3/2022,44275,2781353,1059,23928
Pennsylvania,1/4/2022,44677,2820219,402,38866
Puerto Rico,1/1/2020,0,0,0,0
Puerto Rico,1/2/2020,0,0,0,0
Puerto Rico,1/3/2020,8,239,8,239
Puerto Rico,1/4/2020,92,949,84,710
Puerto Rico,1/5/2020,136,1288,44,339
Puerto Rico,1/6/2020,153,1693,17,405
Puerto Rico,1/7/2020,219,5997,66,4304
Puerto Rico,1/8/2020,434,15476,215,9479
Puerto Rico,1/9/2020,661,24000,227,8524
Puerto Rico,1/10/2020,822,34138,161,10138
Puerto Rico,1/11/2020,1106,52545,284,18407
Puerto Rico,1/12/2020,1503,76291,397,23746
Puerto Rico,1/1/2021,1829,93624,326,17333
Puerto Rico,1/2/2021,2036,100297,207,6673
Puerto Rico,1/3/2021,2118,107470,82,7173
Puerto Rico,1/4/2021,2310,131956,192,24486
Puerto Rico,1/5/2021,2505,138757,195,6801
Puerto Rico,1/6/2021,2549,140058,44,1301
Puerto Rico,1/7/2021,2580,146801,31,6743
Puerto Rico,1/8/2021,2875,170826,295,24025
Puerto Rico,1/9/2021,3149,181248,274,10422
Puerto Rico,1/10/2021,3234,185282,85,4034
Puerto Rico,1/11/2021,3270,188448,36,3166
Puerto Rico,1/12/2021,3305,272724,35,84276
Puerto Rico,1/1/2022,3855,457935,550,185211
Puerto Rico,1/2/2022,4110,473931,255,15996
Puerto Rico,1/3/2022,4170,481010,60,7079
Puerto Rico,1/4/2022,4207,537714,37,56704
Rhode Island,1/1/2020,0,0,0,0
Rhode Island,1/2/2020,0,0,0,0
Rhode Island,1/3/2020,11,488,11,488
Rhode Island,1/4/2020,364,8621,353,8133
Rhode Island,1/5/2020,827,14928,463,6307
Rhode Island,1/6/2020,977,16813,150,1885
Rhode Island,1/7/2020,1026,19022,49,2209
Rhode Island,1/8/2020,1078,21949,52,2927
Rhode Island,1/9/2020,1125,24748,47,2799
Rhode Island,1/10/2020,1216,32874,91,8126
Rhode Island,1/11/2020,1415,56723,199,23849
Rhode Island,1/12/2020,1930,87949,515,31226
Rhode Island,1/1/2021,2341,114438,411,26489
Rhode Island,1/2/2021,2502,125622,161,11184
Rhode Island,1/3/2021,2619,137329,117,11707
Rhode Island,1/4/2021,2671,148186,52,10857
Rhode Island,1/5/2021,2708,151743,37,3557
Rhode Island,1/6/2021,2730,152613,22,870
Rhode Island,1/7/2021,2740,154339,10,1726
Rhode Island,1/8/2021,2770,162617,30,8278
Rhode Island,1/9/2021,2838,172361,68,9744
Rhode Island,1/10/2021,2878,179405,40,7044
Rhode Island,1/11/2021,2932,191763,54,12358
Rhode Island,1/12/2021,3066,231096,134,39333
Rhode Island,1/1/2022,3316,343779,250,112683
Rhode Island,1/2/2022,3412,355925,96,12146
Rhode Island,1/3/2022,3522,361262,110,5337
Rhode Island,1/4/2022,3540,371629,18,10367
South Carolina,1/1/2020,0,0,0,0
South Carolina,1/2/2020,0,0,0,0
South Carolina,1/3/2020,22,1083,22,1083
South Carolina,1/4/2020,244,6095,222,5012
South Carolina,1/5/2020,494,11861,250,5766
South Carolina,1/6/2020,739,36399,245,24538
South Carolina,1/7/2020,1712,89016,973,52617
South Carolina,1/8/2020,2720,118992,1008,29976
South Carolina,1/9/2020,3378,147942,658,28950
South Carolina,1/10/2020,3935,176612,557,28670
South Carolina,1/11/2020,4381,217487,446,40875
South Carolina,1/12/2020,5296,307507,915,90020
South Carolina,1/1/2021,7042,443386,1746,135879
South Carolina,1/2/2021,8546,516823,1504,73437
South Carolina,1/3/2021,9146,551630,600,34807
South Carolina,1/4/2021,9497,578659,351,27029
South Carolina,1/5/2021,9736,593262,239,14603
South Carolina,1/6/2021,9819,596840,83,3578
South Carolina,1/7/2021,9904,617148,85,20308
South Carolina,1/8/2021,10598,735287,694,118139
South Carolina,1/9/2021,12472,857386,1874,122099
South Carolina,1/10/2021,13716,897152,1244,39766
South Carolina,1/11/2021,14210,918321,494,21169
South Carolina,1/12/2021,14636,975320,426,56999
South Carolina,1/1/2022,15266,1355116,630,379796
South Carolina,1/2/2022,16865,1461155,1599,106039
South Carolina,1/3/2022,17591,1468140,726,6985
South Carolina,1/4/2022,17767,1474274,176,6134
South Dakota,1/1/2020,0,0,0,0
South Dakota,1/2/2020,0,0,0,0
South Dakota,1/3/2020,1,108,1,108
South Dakota,1/4/2020,17,2449,16,2341
South Dakota,1/5/2020,62,4993,45,2544
South Dakota,1/6/2020,91,6764,29,1771
South Dakota,1/7/2020,130,8764,39,2000
South Dakota,1/8/2020,167,13509,37,4745
South Dakota,1/9/2020,223,22389,56,8880
South Dakota,1/10/2020,425,45992,202,23603
South Dakota,1/11/2020,946,80464,521,34472
South Dakota,1/12/2020,1488,99164,542,18700
South Dakota,1/1/2021,1778,108250,290,9086
South Dakota,1/2/2021,1888,112427,110,4177
South Dakota,1/3/2021,1935,117759,47,5332
South Dakota,1/4/2021,1967,122660,32,4901
South Dakota,1/5/2021,2014,124191,47,1531
South Dakota,1/6/2021,2035,124546,21,355
South Dakota,1/7/2021,2045,125225,10,679
South Dakota,1/8/2021,2071,132259,26,7034
South Dakota,1/9/2021,2143,145018,72,12759
South Dakota,1/10/2021,2235,154482,92,9464
South Dakota,1/11/2021,2334,166208,99,11726
South Dakota,1/12/2021,2486,179204,152,12996
South Dakota,1/1/2022,2650,226413,164,47209
South Dakota,1/2/2022,2805,235882,155,9469
South Dakota,1/3/2022,2883,237109,78,1227
South Dakota,1/4/2022,2912,237812,29,703
Tennessee,1/1/2020,0,0,0,0
Tennessee,1/2/2020,0,0,0,0
Tennessee,1/3/2020,23,2391,23,2391
Tennessee,1/4/2020,199,11807,176,9416
Tennessee,1/5/2020,364,23274,165,11467
Tennessee,1/6/2020,604,43696,240,20422
Tennessee,1/7/2020,1060,104540,456,60844
Tennessee,1/8/2020,1754,153336,694,48796
Tennessee,1/9/2020,2454,194464,700,41128
Tennessee,1/10/2020,3353,257397,899,62933
Tennessee,1/11/2020,4602,371073,1249,113676
Tennessee,1/12/2020,6907,585505,2305,214432
Tennessee,1/1/2021,9650,721582,2743,136077
Tennessee,1/2/2021,11411,768878,1761,47296
Tennessee,1/3/2021,11856,806561,445,37683
Tennessee,1/4/2021,12144,842067,288,35506
Tennessee,1/5/2021,12396,859295,252,17228
Tennessee,1/6/2021,12508,865911,112,6616
Tennessee,1/7/2021,12693,898062,185,32151
Tennessee,1/8/2021,13467,1060126,774,162064
Tennessee,1/9/2021,15149,1230414,1682,170288
Tennessee,1/10/2021,16325,1281104,1176,50690
Tennessee,1/11/2021,17145,1317480,820,36376
Tennessee,1/12/2021,20769,1437136,3624,119656
Tennessee,1/1/2022,22660,1880282,1891,443146
Tennessee,1/2/2022,24511,2007356,1851,127074
Tennessee,1/3/2022,25619,2020485,1108,13129
Tennessee,1/4/2022,26166,2027967,547,7482
Texas,1/1/2020,0,0,0,0
Texas,1/2/2020,0,0,0,0
Texas,1/3/2020,76,3809,76,3809
Texas,1/4/2020,924,23292,848,19483
Texas,1/5/2020,1866,53022,942,29730
Texas,1/6/2020,2846,166005,980,112983
Texas,1/7/2020,7657,419151,4811,253146
Texas,1/8/2020,13105,654906,5448,235755
Texas,1/9/2020,16288,784951,3183,130045
Texas,1/10/2020,18788,931996,2500,147045
Texas,1/11/2020,22271,1234505,3483,302509
Texas,1/12/2020,28066,1803482,5795,568977
Texas,1/1/2021,37074,2407942,9008,604460
Texas,1/2/2021,43697,2691334,6623,283392
Texas,1/3/2021,48252,2830615,4555,139281
Texas,1/4/2021,50219,2930537,1967,99922
Texas,1/5/2021,51508,2991154,1289,60617
Texas,1/6/2021,52337,3035767,829,44613
Texas,1/7/2021,53277,3173009,940,137242
Texas,1/8/2021,57044,3637466,3767,464457
Texas,1/9/2021,65203,4094242,8159,456776
Texas,1/10/2021,71193,4269621,5990,175379
Texas,1/11/2021,73828,4363472,2635,93851
Texas,1/12/2021,75744,4623370,1916,259898
Texas,1/1/2022,79447,6258336,3703,1634966
Texas,1/2/2022,84899,6617106,5452,358770
Texas,1/3/2022,87393,6739524,2494,122418
Texas,1/4/2022,88107,6825834,714,86310
Utah,1/1/2020,0,0,0,0
Utah,1/2/2020,0,0,0,0
Utah,1/3/2020,5,888,5,888
Utah,1/4/2020,46,4672,41,3784
Utah,1/5/2020,113,9797,67,5125
Utah,1/6/2020,172,22217,59,12420
Utah,1/7/2020,304,40196,132,17979
Utah,1/8/2020,407,52107,103,11911
Utah,1/9/2020,459,73042,52,20935
Utah,1/10/2020,604,114656,145,41614
Utah,1/11/2020,871,195706,267,81050
Utah,1/12/2020,1269,276612,398,80906
Utah,1/1/2021,1665,346624,396,70012
Utah,1/2/2021,1935,371235,270,24611
Utah,1/3/2021,2122,385641,187,14406
Utah,1/4/2021,2202,397323,80,11682
Utah,1/5/2021,2302,406170,100,8847
Utah,1/6/2021,2371,415139,69,8969
Utah,1/7/2021,2451,432467,80,17328
Utah,1/8/2021,2634,464422,183,31955
Utah,1/9/2021,2932,508494,298,44072
Utah,1/10/2021,3208,549882,276,41388
Utah,1/11/2021,3528,595801,320,45919
Utah,1/12/2021,3787,636992,259,41191
Utah,1/1/2022,4118,885523,331,248531
Utah,1/2/2022,4411,922852,293,37329
Utah,1/3/2022,4714,927922,303,5070
Utah,1/4/2022,4747,932253,33,4331
Virginia,1/1/2020,0,0,0,0
Virginia,1/2/2020,0,0,0,0
Virginia,1/3/2020,27,1249,27,1249
Virginia,1/4/2020,552,15847,525,14598
Virginia,1/5/2020,1375,44607,823,28760
Virginia,1/6/2020,1763,62787,388,18180
Virginia,1/7/2020,2174,89888,411,27101
Virginia,1/8/2020,2580,120594,406,30706
Virginia,1/9/2020,3208,148271,628,27677
Virginia,1/10/2020,3654,181190,446,32919
Virginia,1/11/2020,4062,237835,408,56645
Virginia,1/12/2020,5032,349584,970,111749
Virginia,1/1/2021,6464,504779,1432,155195
Virginia,1/2/2021,8552,576050,2088,71271
Virginia,1/3/2021,10252,618976,1700,42926
Virginia,1/4/2021,10770,659590,518,40614
Virginia,1/5/2021,11186,675538,416,15948
Virginia,1/6/2021,11415,680340,229,4802
Virginia,1/7/2021,11532,694384,117,14044
Virginia,1/8/2021,11842,766435,310,72051
Virginia,1/9/2021,12750,866776,908,100341
Virginia,1/10/2021,13907,924771,1157,57995
Virginia,1/11/2021,14710,969116,803,44345
Virginia,1/12/2021,15587,1118518,877,149402
Virginia,1/1/2022,16217,1545650,630,427132
Virginia,1/2/2022,18771,1639942,2554,94292
Virginia,1/3/2022,19692,1668891,921,28949
Virginia,1/4/2022,20236,1701458,544,32567
Virgin Islands,1/1/2020,0,0,0,0
Virgin Islands,1/2/2020,0,0,0,0
Virgin Islands,1/3/2020,0,30,0,30
Virgin Islands,1/4/2020,4,66,4,36
Virgin Islands,1/5/2020,6,69,2,3
Virgin Islands,1/6/2020,6,81,0,12
Virgin Islands,1/7/2020,8,406,2,325
Virgin Islands,1/8/2020,14,1134,6,728
Virgin Islands,1/9/2020,20,1318,6,184
Virgin Islands,1/10/2020,21,1376,1,58
Virgin Islands,1/11/2020,23,1544,2,168
Virgin Islands,1/12/2020,23,2036,0,492
Virgin Islands,1/1/2021,24,2421,1,385
Virgin Islands,1/2/2021,25,2646,1,225
Virgin Islands,1/3/2021,26,2907,1,261
Virgin Islands,1/4/2021,27,3125,1,218
Virgin Islands,1/5/2021,27,3442,0,317
Virgin Islands,1/6/2021,30,3879,3,437
Virgin Islands,1/7/2021,37,4629,7,750
Virgin Islands,1/8/2021,55,5924,18,1295
Virgin Islands,1/9/2021,71,6758,16,834
Virgin Islands,1/10/2021,81,7204,10,446
Virgin Islands,1/11/2021,87,7511,6,307
Virgin Islands,1/12/2021,89,9648,2,2137
Virgin Islands,1/1/2022,101,14870,12,5222
Virgin Islands,1/2/2022,109,15398,8,528
Virgin Islands,1/3/2022,111,15636,2,238
Virgin Islands,1/4/2022,111,16349,0,713
Vermont,1/1/2020,0,0,0,0
Vermont,1/2/2020,0,0,0,0
Vermont,1/3/2020,13,293,13,293
Vermont,1/4/2020,49,866,36,573
Vermont,1/5/2020,55,981,6,115
Vermont,1/6/2020,56,1208,1,227
Vermont,1/7/2020,57,1414,1,206
Vermont,1/8/2020,58,1624,1,210
Vermont,1/9/2020,58,1752,0,128
Vermont,1/10/2020,58,2179,0,427
Vermont,1/11/2020,69,4172,11,1993
Vermont,1/12/2020,136,7412,67,3240
Vermont,1/1/2021,174,11965,38,4553
Vermont,1/2/2021,204,15198,30,3233
Vermont,1/3/2021,227,19275,23,4077
Vermont,1/4/2021,246,22952,19,3677
Vermont,1/5/2021,255,24220,9,1268
Vermont,1/6/2021,256,24410,1,190
Vermont,1/7/2021,260,24889,4,479
Vermont,1/8/2021,276,28200,16,3311
Vermont,1/9/2021,317,33662,41,5462
Vermont,1/10/2021,364,40191,47,6529
Vermont,1/11/2021,410,50014,46,9823
Vermont,1/12/2021,471,64447,61,14433
Vermont,1/1/2022,536,104472,65,40025
Vermont,1/2/2022,598,112364,62,7892
Vermont,1/3/2022,617,116639,19,4275
Vermont,1/4/2022,637,123842,20,7203
Washington,1/1/2020,0,1,0,1
Washington,1/2/2020,1,7,1,6
Washington,1/3/2020,225,5432,224,5425
Washington,1/4/2020,836,14327,611,8895
Washington,1/5/2020,1123,21702,287,7375
Washington,1/6/2020,1303,33439,180,11737
Washington,1/7/2020,1603,57586,300,24147
Washington,1/8/2020,1912,75502,309,17916
Washington,1/9/2020,2100,89463,188,13961
Washington,1/10/2020,2345,110808,245,21345
Washington,1/11/2020,2762,171962,417,61154
Washington,1/12/2020,3461,246752,699,74790
Washington,1/1/2021,4285,311597,824,64845
Washington,1/2/2021,4956,339773,671,28176
Washington,1/3/2021,5247,364486,291,24713
Washington,1/4/2021,5499,403040,252,38554
Washington,1/5/2021,5765,435849,266,32809
Washington,1/6/2021,5930,451595,165,15746
Washington,1/7/2021,6122,473076,192,21481
Washington,1/8/2021,6574,563041,452,89965
Washington,1/9/2021,7726,657626,1152,94585
Washington,1/10/2021,8628,725435,902,67809
Washington,1/11/2021,9303,774465,675,49030
Washington,1/12/2021,9853,849075,550,74610
Washington,1/1/2022,10776,1339737,923,490662
Washington,1/2/2022,11866,1423990,1090,84253
Washington,1/3/2022,12478,1454772,612,30782
Washington,1/4/2022,12703,1498116,225,43344
Wisconsin,1/1/2020,0,0,0,0
Wisconsin,1/2/2020,0,0,0,0
Wisconsin,1/3/2020,43,1412,43,1412
Wisconsin,1/4/2020,357,6854,314,5442
Wisconsin,1/5/2020,650,18403,293,11549
Wisconsin,1/6/2020,815,28659,165,10256
Wisconsin,1/7/2020,978,52940,163,24281
Wisconsin,1/8/2020,1186,75603,208,22663
Wisconsin,1/9/2020,1402,122274,216,46671
Wisconsin,1/10/2020,2339,237869,937,115595
Wisconsin,1/11/2020,3494,411730,1155,173861
Wisconsin,1/12/2020,5242,520438,1748,108708
Wisconsin,1/1/2021,6434,592140,1192,71702
Wisconsin,1/2/2021,7014,617367,580,25227
Wisconsin,1/3/2021,7315,636041,301,18674
Wisconsin,1/4/2021,7550,660450,235,24409
Wisconsin,1/5/2021,7856,674420,306,13970
Wisconsin,1/6/2021,8128,677622,272,3202
Wisconsin,1/7/2021,8290,687198,162,9576
Wisconsin,1/8/2021,8462,733940,172,46742
Wisconsin,1/9/2021,8888,810164,426,76224
Wisconsin,1/10/2021,9416,882457,528,72293
Wisconsin,1/11/2021,10005,980783,589,98326
Wisconsin,1/12/2021,11173,1120663,1168,139880
Wisconsin,1/1/2022,12374,1516628,1201,395965
Wisconsin,1/2/2022,13297,1571997,923,55369
Wisconsin,1/3/2022,14302,1585260,1005,13263
Wisconsin,1/4/2022,14413,1610601,111,25341
West Virginia,1/1/2020,0,0,0,0
West Virginia,1/2/2020,0,0,0,0
West Virginia,1/3/2020,1,162,1,162
West Virginia,1/4/2020,41,1125,40,963
West Virginia,1/5/2020,75,2010,34,885
West Virginia,1/6/2020,93,2905,18,895
West Virginia,1/7/2020,116,6579,23,3674
West Virginia,1/8/2020,215,10249,99,3670
West Virginia,1/9/2020,355,15850,140,5601
West Virginia,1/10/2020,459,24460,104,8610
West Virginia,1/11/2020,735,47842,276,23382
West Virginia,1/12/2020,1338,85334,603,37492
West Virginia,1/1/2021,2024,121001,686,35667
West Virginia,1/2/2021,2300,131855,276,10854
West Virginia,1/3/2021,2676,141738,376,9883
West Virginia,1/4/2021,2679,153128,3,11390
West Virginia,1/5/2021,2792,161287,113,8159
West Virginia,1/6/2021,2891,164041,99,2754
West Virginia,1/7/2021,2946,167016,55,2975
West Virginia,1/8/2021,3084,189690,138,22674
West Virginia,1/9/2021,3670,240459,586,50769
West Virginia,1/10/2021,4426,272532,756,32073
West Virginia,1/11/2021,4868,294794,442,22262
West Virginia,1/12/2021,5336,328162,468,33368
West Virginia,1/1/2022,5763,446771,427,118609
West Virginia,1/2/2022,6317,490111,554,43340
West Virginia,1/3/2022,6831,497769,514,7658
West Virginia,1/4/2022,6856,501204,25,3435
Wyoming,1/1/2020,0,0,0,0
Wyoming,1/2/2020,0,0,0,0
Wyoming,1/3/2020,0,109,0,109
Wyoming,1/4/2020,7,559,7,450
Wyoming,1/5/2020,16,902,9,343
Wyoming,1/6/2020,20,1485,4,583
Wyoming,1/7/2020,26,2721,6,1236
Wyoming,1/8/2020,37,3839,11,1118
Wyoming,1/9/2020,50,5909,13,2070
Wyoming,1/10/2020,87,13135,37,7226
Wyoming,1/11/2020,214,32908,127,19773
Wyoming,1/12/2020,436,43933,222,11025
Wyoming,1/1/2021,592,51302,156,7369
Wyoming,1/2/2021,666,53772,74,2470
Wyoming,1/3/2021,695,55677,29,1905
Wyoming,1/4/2021,702,57492,7,1815
Wyoming,1/5/2021,714,59490,12,1998
Wyoming,1/6/2021,741,61633,27,2143
Wyoming,1/7/2021,770,64446,29,2813
Wyoming,1/8/2021,852,74356,82,9910
Wyoming,1/9/2021,988,89698,136,15342
Wyoming,1/10/2021,1165,101817,177,12119
Wyoming,1/11/2021,1414,109896,249,8079
Wyoming,1/12/2021,1512,114384,98,4488
Wyoming,1/1/2022,1609,145051,97,30667
Wyoming,1/2/2022,1718,153553,109,8502
Wyoming,1/3/2022,1773,154525,55,972
Wyoming,1/4/2022,1794,154962,21,437
